<?xml version="1.0" encoding="UTF-8"?>
<project-private xmlns="http://www.netbeans.org/ns/project-private/1">
    <editor-bookmarks xmlns="http://www.netbeans.org/ns/editor-bookmarks/2" lastBookmarkId="0"/>
    <open-files xmlns="http://www.netbeans.org/ns/projectui-open-files/2">
        <group>
            <file>file:/D:/NetBeansProjects/StudentDatabaseSystem/src/studentdb/StudentForm.java</file>
            <file>file:/D:/NetBeansProjects/StudentDatabaseSystem/src/studentdb/DisplayFrame.java</file>
            <file>file:/D:/NetBeansProjects/StudentDatabaseSystem/src/studentdb/AddStudentForm.java</file>
            <file>file:/D:/NetBeansProjects/StudentDatabaseSystem/src/studentdb/StudentQueue.java</file>
            <file>file:/D:/NetBeansProjects/StudentDatabaseSystem/src/studentdb/MainQueue.java</file>
            <file>file:/D:/NetBeansProjects/StudentDatabaseSystem/src/studentdb/UpdateStudent.java</file>
            <file>file:/D:/NetBeansProjects/StudentDatabaseSystem/src/studentdb/DeleteStudent.java</file>
            <file>file:/D:/NetBeansProjects/StudentDatabaseSystem/src/studentdb/LoginForm.java</file>
        </group>
    </open-files>
</project-private>
